id;x;y
0;48.94697;2.56402
1;48.94697;2.56402
2;48.94697;2.56402
3;48.84644143424801;2.5709301805187486
4;48.79110419035667;2.6166320963182494
5;48.85786685075455;2.534914615420219
6;48.84318703065653;2.571392103916733
7;48.84676699617444;2.5507095493621073
8;48.89028204613767;2.551733759637366
9;48.93364414172462;2.513611093618433
10;48.76937547098491;2.6770914017764484
11;48.913129569257904;2.461605588460943
12;48.94697;2.56402
13;48.94697;2.56402
14;48.94697;2.56402
